gene_id,gene_name,chromosome,start,end,copy_number,min_copy_number,max_copy_number,cnv_log2
ENSG00000133055.9,MYBPH,1,203167811,203175826,4.0,4.0,4.0,1.0
ENSG00000200036.1,RNA5SP65,1,167005959,167006077,4.0,4.0,4.0,1.0
ENSG00000273062.1,AL449106.1,1,178724306,178726285,4.0,4.0,4.0,1.0
ENSG00000273204.1,AC104506.1,1,100894928,100895356,4.0,4.0,4.0,1.0
ENSG00000223635.2,AL121990.1,1,229508369,229514272,4.0,4.0,4.0,1.0
ENSG00000198860.13,TSEN15,1,184051651,184123978,4.0,4.0,4.0,1.0
ENSG00000276442.1,RNA5SP529,1,144265217,144265326,4.0,4.0,4.0,1.0
ENSG00000215912.12,TTC34,1,2635976,2801717,4.0,4.0,4.0,1.0
ENSG00000198744.5,MTCO3P12,1,634376,634922,4.0,4.0,4.0,1.0
ENSG00000207005.1,RNU1-2,1,16895980,16896143,2.0,2.0,2.0,0.0
ENSG00000143028.9,SYPL2,1,109466546,109482134,4.0,4.0,4.0,1.0
ENSG00000143036.17,SLC44A3,1,94820342,94895246,4.0,4.0,4.0,1.0
ENSG00000143107.10,FNDC7,1,108712908,108742749,4.0,4.0,4.0,1.0
ENSG00000229359.2,PIN1P1,1,69919322,69920317,4.0,4.0,4.0,1.0
ENSG00000284677.1,AL031985.4,1,40436199,40450039,4.0,4.0,4.0,1.0
ENSG00000084070.12,SMAP2,1,40344850,40423326,4.0,4.0,4.0,1.0
ENSG00000197587.11,DMBX1,1,46489836,46516216,4.0,4.0,4.0,1.0
ENSG00000134193.15,REG4,1,119794017,119811580,4.0,4.0,4.0,1.0
ENSG00000175793.12,SFN,1,26863149,26864456,2.0,2.0,2.0,0.0
ENSG00000236994.1,YBX1P9,1,226318015,226318693,4.0,4.0,4.0,1.0
ENSG00000240502.2,RN7SL837P,1,230894141,230894427,4.0,4.0,4.0,1.0
ENSG00000273008.1,AC010864.1,10,43136824,43138334,3.0,3.0,3.0,0.5849625007211562
ENSG00000270965.1,NTAN1P1,10,115819842,115820487,3.0,3.0,3.0,0.5849625007211562
ENSG00000107447.8,DNTT,10,96304409,96338564,3.0,3.0,3.0,0.5849625007211562
ENSG00000235316.1,DUSP8P5,10,73731824,73733638,3.0,3.0,3.0,0.5849625007211562
ENSG00000221164.1,SNORA11F,10,73126080,73126207,3.0,3.0,3.0,0.5849625007211562
ENSG00000120055.7,C10orf95,10,102449837,102451543,3.0,3.0,3.0,0.5849625007211562
ENSG00000264763.1,MIR4295,10,112634170,112634254,3.0,3.0,3.0,0.5849625007211562
ENSG00000166224.17,SGPL1,10,70815948,70881184,3.0,3.0,3.0,0.5849625007211562
ENSG00000241058.4,NSUN6,10,18545561,18659285,3.0,3.0,3.0,0.5849625007211562
ENSG00000237205.1,RPL7P34,10,88618223,88618934,3.0,3.0,3.0,0.5849625007211562
ENSG00000235964.1,FXYD6P2,10,38091764,38092051,3.0,3.0,3.0,0.5849625007211562
ENSG00000287235.1,AL732437.2,10,5563295,5566881,3.0,3.0,3.0,0.5849625007211562
ENSG00000188716.5,DUSP29,10,75037836,75058514,3.0,3.0,3.0,0.5849625007211562
ENSG00000099204.20,ABLIM1,10,114431113,114768061,3.0,3.0,3.0,0.5849625007211562
ENSG00000227351.2,NANOGP6,10,99788564,99789410,3.0,3.0,3.0,0.5849625007211562
ENSG00000277563.1,AC063961.1,10,24255246,24255333,3.0,3.0,3.0,0.5849625007211562
ENSG00000165606.9,DRGX,10,49364181,49396016,3.0,3.0,3.0,0.5849625007211562
ENSG00000288566.1,AL451164.3,10,3200829,3210666,3.0,3.0,3.0,0.5849625007211562
ENSG00000226304.1,AL358612.1,10,25924448,25933710,3.0,3.0,3.0,0.5849625007211562
ENSG00000230011.2,CTSLP4,10,50705380,50708906,3.0,3.0,3.0,0.5849625007211562
ENSG00000227912.2,AL441943.2,10,2150480,2169460,3.0,3.0,3.0,0.5849625007211562
ENSG00000110169.11,HPX,11,6431049,6442617,2.0,2.0,2.0,0.0
ENSG00000254498.1,AC104042.1,11,36696317,36697867,4.0,4.0,4.0,1.0
ENSG00000255417.1,MTCO2P15,11,103403512,103404167,4.0,4.0,4.0,1.0
ENSG00000134802.18,SLC43A3,11,57406954,57427580,4.0,4.0,4.0,1.0
ENSG00000269915.1,AP006621.4,11,708564,727047,4.0,4.0,4.0,1.0
ENSG00000287426.1,AP003327.2,11,129761713,129814690,4.0,4.0,4.0,1.0
ENSG00000254691.1,AP002812.3,11,77850604,77851511,4.0,4.0,4.0,1.0
ENSG00000174744.14,BRMS1,11,66337333,66345125,4.0,4.0,4.0,1.0
ENSG00000254841.1,OR4V1P,11,55673536,55674675,4.0,4.0,4.0,1.0
ENSG00000284306.1,SSU72P2,11,4242056,4242640,2.0,2.0,2.0,0.0
ENSG00000266581.1,MIR3166,11,88176502,88176593,4.0,4.0,4.0,1.0
ENSG00000110717.13,NDUFS8,11,68030617,68036644,4.0,4.0,4.0,1.0
ENSG00000254430.1,OR6M3P,11,123861822,123862521,4.0,4.0,4.0,1.0
ENSG00000230851.1,AP006294.1,11,3591277,3591615,4.0,4.0,4.0,1.0
ENSG00000252355.1,RN7SKP287,11,43435132,43435397,2.0,2.0,2.0,0.0
ENSG00000254593.1,OR7E126P,11,71903194,71904081,4.0,4.0,4.0,1.0
ENSG00000202089.1,RNU6-1306P,11,63882587,63882685,4.0,4.0,4.0,1.0
ENSG00000254558.1,AP005435.1,11,89863848,89865550,4.0,4.0,4.0,1.0
ENSG00000284435.1,MIR4691,11,68033897,68033981,4.0,4.0,4.0,1.0
ENSG00000255520.1,AC090589.2,11,47123104,47130801,2.0,2.0,2.0,0.0
ENSG00000203334.4,AP003027.1,11,108957718,108959797,4.0,4.0,4.0,1.0
ENSG00000135413.9,LACRT,12,54630811,54634895,4.0,4.0,4.0,1.0
ENSG00000196243.5,LINC00615,12,90918023,90948669,4.0,4.0,4.0,1.0
ENSG00000181234.9,TMEM132C,12,128267403,128707915,4.0,4.0,4.0,1.0
ENSG00000120837.8,NFYB,12,104117086,104138241,4.0,4.0,4.0,1.0
ENSG00000257568.1,AC079035.1,12,62482349,62484932,4.0,4.0,4.0,1.0
ENSG00000088986.11,DYNLL1,12,120469850,120498493,4.0,4.0,4.0,1.0
ENSG00000139220.17,PPFIA2,12,81257975,81759553,4.0,4.0,4.0,1.0
ENSG00000075415.13,SLC25A3,12,98593591,98606379,4.0,4.0,4.0,1.0
ENSG00000050438.17,SLC4A8,12,51391317,51515763,4.0,4.0,4.0,1.0
ENSG00000286476.1,AC079030.1,12,77129178,77163638,4.0,4.0,4.0,1.0
ENSG00000286791.1,AC079949.5,12,127146535,127151330,4.0,4.0,4.0,1.0
ENSG00000244540.2,RPL35AP29,12,51106817,51107144,4.0,4.0,4.0,1.0
ENSG00000166211.8,SPIC,12,101475336,101486997,4.0,4.0,4.0,1.0
ENSG00000256312.1,AC138466.1,12,132190213,132190997,3.0,3.0,3.0,0.5849625007211562
ENSG00000111450.14,STX2,12,130789600,130839266,3.0,3.0,3.0,0.5849625007211562
ENSG00000111775.3,COX6A1,12,120438090,120440737,4.0,4.0,4.0,1.0
ENSG00000139631.19,CSAD,12,53157663,53180925,4.0,4.0,4.0,1.0
ENSG00000256256.1,AC019209.1,12,25882955,25885855,4.0,4.0,4.0,1.0
ENSG00000204671.2,IL31,12,122172029,122174221,4.0,4.0,4.0,1.0
ENSG00000134533.6,RERG,12,15107783,15348675,4.0,4.0,4.0,1.0
ENSG00000244662.1,AC087312.1,12,24642687,24643166,4.0,4.0,4.0,1.0
ENSG00000287650.1,AL390071.1,13,35494178,35496615,4.0,4.0,4.0,1.0
ENSG00000285929.1,AL353789.1,13,26488952,26496120,4.0,4.0,4.0,1.0
ENSG00000229011.1,LINC01038,13,79804418,79805685,4.0,4.0,4.0,1.0
ENSG00000271559.1,AL138966.1,13,26229332,26229644,4.0,4.0,4.0,1.0
ENSG00000199276.1,RNA5SP26,13,37854852,37854970,4.0,4.0,4.0,1.0
ENSG00000133103.17,COG6,13,39655627,39791665,4.0,4.0,4.0,1.0
ENSG00000285840.2,AL353648.1,13,30466117,30482312,4.0,4.0,4.0,1.0
ENSG00000173141.5,MRPL57,13,21176658,21179084,4.0,4.0,4.0,1.0
ENSG00000231983.1,LINC00415,13,26052276,26053385,4.0,4.0,4.0,1.0
ENSG00000242381.3,RN7SL741P,13,25944478,25944766,4.0,4.0,4.0,1.0
ENSG00000275202.1,AL161421.1,13,48974967,48976867,4.0,4.0,4.0,1.0
ENSG00000234168.2,LINC01039,13,99577112,99580368,4.0,4.0,4.0,1.0
ENSG00000279965.1,AL390755.2,13,110123208,110125234,4.0,4.0,4.0,1.0
ENSG00000270680.1,AL596092.1,13,29339566,29339869,4.0,4.0,4.0,1.0
ENSG00000275226.1,LINC00547,13,37534940,37551536,4.0,4.0,4.0,1.0
ENSG00000225823.1,RPL7P45,13,104814327,104815069,4.0,4.0,4.0,1.0
ENSG00000229427.1,ANKRD26P4,13,31311289,31312921,4.0,4.0,4.0,1.0
ENSG00000229287.1,FABP5P4,13,92180715,92180885,4.0,4.0,4.0,1.0
ENSG00000263581.1,MIR548X2,13,65966330,65966429,4.0,4.0,4.0,1.0
ENSG00000229375.1,USP24P1,13,19015487,19019336,4.0,4.0,4.0,1.0
ENSG00000136158.12,SPRY2,13,80335976,80341126,4.0,4.0,4.0,1.0
ENSG00000211976.2,IGHV3-73,14,106802694,106803233,2.0,2.0,2.0,0.0
ENSG00000258762.1,MTND4P33,14,84172841,84173606,2.0,2.0,2.0,0.0
ENSG00000211836.1,TRAJ54,14,22482287,22482346,2.0,2.0,2.0,0.0
ENSG00000119685.20,TTLL5,14,75633625,75955079,2.0,2.0,2.0,0.0
ENSG00000283290.1,U6,14,24352057,24352157,2.0,2.0,2.0,0.0
ENSG00000258571.1,PTTG4P,14,71085482,71085833,2.0,2.0,2.0,0.0
ENSG00000258730.1,ITPK1-AS1,14,93067452,93072152,2.0,2.0,2.0,0.0
ENSG00000179933.6,C14orf119,14,23095505,23100456,2.0,2.0,2.0,0.0
ENSG00000260285.1,AL133367.1,14,103525010,103529072,2.0,2.0,2.0,0.0
ENSG00000078304.19,PPP2R5C,14,101761798,101927989,2.0,2.0,2.0,0.0
ENSG00000258569.1,AC007376.2,14,76710658,76761388,2.0,2.0,2.0,0.0
ENSG00000249048.2,TRAV31,14,22177273,22177864,2.0,2.0,2.0,0.0
ENSG00000243730.2,RPL29P3,14,36577543,36578005,2.0,2.0,2.0,0.0
ENSG00000258837.1,AL133370.1,14,68125004,68130196,2.0,2.0,2.0,0.0
ENSG00000259100.1,COILP1,14,39385404,39387102,2.0,2.0,2.0,0.0
ENSG00000257270.1,AL928654.2,14,105467793,105470617,2.0,2.0,2.0,0.0
ENSG00000258790.1,AL121594.1,14,35122549,35317474,2.0,2.0,2.0,0.0
ENSG00000237235.2,TRDD2,14,22439007,22439015,2.0,2.0,2.0,0.0
ENSG00000259502.1,AL132640.1,14,67610986,67613864,2.0,2.0,2.0,0.0
ENSG00000259008.1,AL355834.1,14,57355446,57359410,2.0,2.0,2.0,0.0
ENSG00000258233.1,ARHGAP42P5,14,18623852,18626787,3.0,3.0,3.0,0.5849625007211562
ENSG00000259726.1,CSPG4P11,15,84186752,84197384,3.0,3.0,3.0,0.5849625007211562
ENSG00000206609.1,SNORD116-11,15,25075929,25076020,3.0,3.0,3.0,0.5849625007211562
ENSG00000260836.2,AC245033.1,15,82536788,82573194,3.0,3.0,3.0,0.5849625007211562
ENSG00000258590.5,NBEAP1,15,20657638,20688408,3.0,3.0,3.0,0.5849625007211562
ENSG00000287345.1,AC183088.4,15,21514144,21544394,3.0,3.0,3.0,0.5849625007211562
ENSG00000260053.2,ABCB10P4,15,28506625,28508808,3.0,3.0,3.0,0.5849625007211562
ENSG00000247982.6,LINC00926,15,57300365,57307769,3.0,3.0,3.0,0.5849625007211562
ENSG00000274279.1,SPATA31E3P,15,22401208,22406944,3.0,3.0,3.0,0.5849625007211562
ENSG00000259362.2,AC046168.1,15,77525540,77534110,3.0,3.0,3.0,0.5849625007211562
ENSG00000258855.1,OR11J2P,15,20960675,20961581,3.0,3.0,3.0,0.5849625007211562
ENSG00000103966.11,EHD4,15,41895933,41972557,3.0,3.0,3.0,0.5849625007211562
ENSG00000243007.1,RPL12P35,15,72379215,72379710,3.0,3.0,3.0,0.5849625007211562
ENSG00000277749.1,AC023300.2,15,74311516,74319688,3.0,3.0,3.0,0.5849625007211562
ENSG00000137843.12,PAK6,15,40217428,40277487,3.0,3.0,3.0,0.5849625007211562
ENSG00000260689.2,HNRNPA3P11,15,57246960,57247893,3.0,3.0,3.0,0.5849625007211562
ENSG00000249487.7,LINC01586,15,88585566,88605110,3.0,3.0,3.0,0.5849625007211562
ENSG00000166069.13,TMCO5A,15,37921939,37967724,3.0,3.0,3.0,0.5849625007211562
ENSG00000259619.2,AC010867.1,15,54048588,54050876,3.0,3.0,3.0,0.5849625007211562
ENSG00000230373.8,GOLGA6L5P,15,84507885,84516814,3.0,3.0,3.0,0.5849625007211562
ENSG00000248905.10,FMN1,15,32765544,33194714,3.0,3.0,3.0,0.5849625007211562
ENSG00000140538.16,NTRK3,15,87859751,88256768,3.0,3.0,3.0,0.5849625007211562
ENSG00000201034.1,Y_RNA,16,439297,439397,4.0,4.0,4.0,1.0
ENSG00000038532.16,CLEC16A,16,10944564,11182186,4.0,4.0,4.0,1.0
ENSG00000252927.1,RNA5SP404,16,9600097,9600228,4.0,4.0,4.0,1.0
ENSG00000140876.11,NUDT7,16,77722492,77742260,4.0,4.0,4.0,1.0
ENSG00000261363.2,AC106745.1,16,87066705,87069752,4.0,4.0,4.0,1.0
ENSG00000258429.2,PDF,16,69326913,69330588,4.0,4.0,4.0,1.0
ENSG00000262885.1,AC135776.3,16,35023339,35023765,4.0,4.0,4.0,1.0
ENSG00000279412.1,AC020763.3,16,70713987,70716890,4.0,4.0,4.0,1.0
ENSG00000261181.1,AC136619.1,16,16394912,16398594,4.0,4.0,4.0,1.0
ENSG00000278995.1,Z69720.2,16,74683,74961,4.0,4.0,4.0,1.0
ENSG00000087237.12,CETP,16,56961923,56983845,4.0,4.0,4.0,1.0
ENSG00000205923.3,CEMP1,16,2530035,2531417,4.0,4.0,4.0,1.0
ENSG00000260012.1,AC007494.1,16,47262741,47263500,4.0,4.0,4.0,1.0
ENSG00000039068.19,CDH1,16,68737292,68835541,4.0,4.0,4.0,1.0
ENSG00000134419.15,RPS15A,16,18781295,18790383,4.0,4.0,4.0,1.0
ENSG00000205015.1,LINC02138,16,89166383,89169147,4.0,4.0,4.0,1.0
ENSG00000260611.1,AC106785.2,16,35785569,35786887,4.0,4.0,4.0,1.0
ENSG00000280344.1,AC009166.2,16,51176066,51178898,4.0,4.0,4.0,1.0
ENSG00000278681.2,AC018558.4,16,35435303,35436341,4.0,4.0,4.0,1.0
ENSG00000103426.12,CORO7-PAM16,16,4340251,4420494,4.0,4.0,4.0,1.0
ENSG00000230872.2,MFSD13B,16,22382436,22407598,4.0,4.0,4.0,1.0
ENSG00000029725.17,RABEP1,17,5282265,5386340,3.0,3.0,3.0,0.5849625007211562
ENSG00000184640.19,SEPTIN9,17,77280569,77500596,3.0,3.0,3.0,0.5849625007211562
ENSG00000252305.1,SNORA74,17,14177131,14177310,3.0,3.0,3.0,0.5849625007211562
ENSG00000267334.1,AC015936.1,17,44947912,44948939,3.0,3.0,3.0,0.5849625007211562
ENSG00000264273.1,AC107982.2,17,18859354,18861466,3.0,3.0,3.0,0.5849625007211562
ENSG00000267659.5,LINC01482,17,68591796,68763882,3.0,3.0,3.0,0.5849625007211562
ENSG00000273609.1,AC005562.2,17,30617680,30617790,3.0,3.0,3.0,0.5849625007211562
ENSG00000265303.1,AC099850.2,17,59197566,59215226,3.0,3.0,3.0,0.5849625007211562
ENSG00000265489.1,AC005358.1,17,12760140,12790242,3.0,3.0,3.0,0.5849625007211562
ENSG00000108932.12,SLC16A6,17,68267026,68291267,3.0,3.0,3.0,0.5849625007211562
ENSG00000167100.15,SAMD14,17,50110040,50130160,3.0,3.0,3.0,0.5849625007211562
ENSG00000264985.4,AC124804.1,17,73513469,73521407,3.0,3.0,3.0,0.5849625007211562
ENSG00000262296.1,AC118755.1,17,9647020,9647660,3.0,3.0,3.0,0.5849625007211562
ENSG00000067596.12,DHX8,17,43483865,43610338,3.0,3.0,3.0,0.5849625007211562
ENSG00000132535.21,DLG4,17,7187187,7219841,3.0,3.0,3.0,0.5849625007211562
ENSG00000280033.1,AC116407.4,17,32159311,32160371,3.0,3.0,3.0,0.5849625007211562
ENSG00000154975.14,CA10,17,51630313,52160017,3.0,3.0,3.0,0.5849625007211562
ENSG00000161944.16,ASGR2,17,7101322,7115700,3.0,3.0,3.0,0.5849625007211562
ENSG00000250282.1,AC002401.2,17,50100704,50101920,3.0,3.0,3.0,0.5849625007211562
ENSG00000237057.3,LINC02087,17,15806241,15847996,3.0,3.0,3.0,0.5849625007211562
ENSG00000287196.1,AC004448.5,17,19403283,19403872,3.0,3.0,3.0,0.5849625007211562
ENSG00000166569.8,CPLX4,18,59275156,59318649,2.0,2.0,2.0,0.0
ENSG00000266530.1,MIR4318,18,37657135,37657215,2.0,2.0,2.0,0.0
ENSG00000267233.1,HNRNPA3P16,18,50814392,50815730,2.0,2.0,2.0,0.0
ENSG00000179676.7,LINC00305,18,64079989,64149088,2.0,2.0,2.0,0.0
ENSG00000101489.20,CELF4,18,37243040,37565827,2.0,2.0,2.0,0.0
ENSG00000267414.1,SETBP1-DT,18,44676927,44679717,2.0,2.0,2.0,0.0
ENSG00000268566.6,AC100781.1,18,38655209,38688033,2.0,2.0,2.0,0.0
ENSG00000259985.1,AC017100.1,18,31685655,31686823,2.0,2.0,2.0,0.0
ENSG00000041353.10,RAB27B,18,54717860,54895516,2.0,2.0,2.0,0.0
ENSG00000075336.12,TIMM21,18,74148523,74160531,2.0,2.0,2.0,0.0
ENSG00000175886.10,RPL7AP66,18,39334872,39335672,2.0,2.0,2.0,0.0
ENSG00000266196.1,AC090506.1,18,30713275,30714286,2.0,2.0,2.0,0.0
ENSG00000207092.1,Y_RNA,18,9250110,9250211,2.0,2.0,2.0,0.0
ENSG00000199874.1,RNA5SP452,18,24170505,24170623,2.0,2.0,2.0,0.0
ENSG00000226742.4,HSBP1L1,18,79964582,79970822,2.0,2.0,2.0,0.0
ENSG00000152223.15,EPG5,18,45847609,45967329,2.0,2.0,2.0,0.0
ENSG00000267690.1,LDLRAD4-AS1,18,13419421,13427480,2.0,2.0,2.0,0.0
ENSG00000287509.1,AP001033.3,18,9335269,9336242,2.0,2.0,2.0,0.0
ENSG00000265243.1,IGLJCOR18,18,3394889,3395312,2.0,2.0,2.0,0.0
ENSG00000273732.1,VN1R74P,18,14680604,14681106,2.0,2.0,2.0,0.0
ENSG00000270112.4,AC090241.2,18,46756487,46802449,2.0,2.0,2.0,0.0
ENSG00000105483.18,CARD8,19,48180770,48255946,3.0,3.0,3.0,0.5849625007211562
ENSG00000269400.1,AC008734.2,19,8833065,8833541,5.0,5.0,5.0,1.3219280948873624
ENSG00000197360.9,ZNF98,19,22391019,22532485,3.0,3.0,3.0,0.5849625007211562
ENSG00000269399.2,AC008764.6,19,16542746,16544814,3.0,3.0,3.0,0.5849625007211562
ENSG00000131401.11,NAPSB,19,50333796,50344767,3.0,3.0,3.0,0.5849625007211562
ENSG00000141837.21,CACNA1A,19,13206442,13633025,5.0,5.0,5.0,1.3219280948873624
ENSG00000267771.1,AC011447.4,19,20206844,20206954,3.0,3.0,3.0,0.5849625007211562
ENSG00000125648.15,SLC25A23,19,6436079,6465203,5.0,5.0,5.0,1.3219280948873624
ENSG00000267320.5,AC005580.1,19,28316705,28386204,3.0,3.0,3.0,0.5849625007211562
ENSG00000105509.11,HAS1,19,51713112,51723991,3.0,3.0,3.0,0.5849625007211562
ENSG00000159882.13,ZNF230,19,44002957,44013924,3.0,3.0,3.0,0.5849625007211562
ENSG00000118162.14,KPTN,19,47475150,47484265,3.0,3.0,3.0,0.5849625007211562
ENSG00000105516.11,DBP,19,48630030,48637379,3.0,3.0,3.0,0.5849625007211562
ENSG00000269316.1,RAD54L2P1,19,22609606,22610601,3.0,3.0,3.0,0.5849625007211562
ENSG00000269194.1,AC006942.1,19,49808933,49809738,3.0,3.0,3.0,0.5849625007211562
ENSG00000280121.1,AC010335.3,19,18448275,18448805,3.0,3.0,3.0,0.5849625007211562
ENSG00000287884.1,AC005594.1,19,4692021,4694340,3.0,3.0,3.0,0.5849625007211562
ENSG00000127533.4,F2RL3,19,16888999,16892606,3.0,3.0,3.0,0.5849625007211562
ENSG00000241015.2,TPM3P9,19,53431984,53444670,3.0,3.0,3.0,0.5849625007211562
ENSG00000171970.13,ZNF57,19,2900898,2918473,3.0,3.0,3.0,0.5849625007211562
ENSG00000242856.3,VN1R105P,19,54647944,54648853,3.0,3.0,3.0,0.5849625007211562
ENSG00000155368.16,DBI,2,119366921,119372560,3.0,3.0,3.0,0.5849625007211562
ENSG00000175701.10,MTLN,2,110211529,110245420,3.0,3.0,3.0,0.5849625007211562
ENSG00000197585.10,AC068051.1,2,214241676,214684246,3.0,3.0,3.0,0.5849625007211562
ENSG00000243910.8,TUBA4B,2,219253243,219272197,3.0,3.0,3.0,0.5849625007211562
ENSG00000235717.1,DPP10-AS2,2,114833830,114835588,3.0,3.0,3.0,0.5849625007211562
ENSG00000152056.17,AP1S3,2,223751686,223838027,3.0,3.0,3.0,0.5849625007211562
ENSG00000231689.2,LINC01090,2,187712816,188384313,3.0,3.0,3.0,0.5849625007211562
ENSG00000223710.1,CRYGGP,2,51775258,51775402,3.0,3.0,3.0,0.5849625007211562
ENSG00000213295.3,RPL22P10,2,106247369,106247741,3.0,3.0,3.0,0.5849625007211562
ENSG00000151693.11,ASAP2,2,9206765,9405683,3.0,3.0,3.0,0.5849625007211562
ENSG00000243667.7,WDR92,2,68122936,68157549,3.0,3.0,3.0,0.5849625007211562
ENSG00000287151.1,C2orf27A,2,131647990,131767404,3.0,3.0,3.0,0.5849625007211562
ENSG00000132313.15,MRPL35,2,86199355,86213790,3.0,3.0,3.0,0.5849625007211562
ENSG00000229321.2,AC008269.1,2,206798325,206926876,3.0,3.0,3.0,0.5849625007211562
ENSG00000229525.1,AC053503.1,2,219388496,219403633,3.0,3.0,3.0,0.5849625007211562
ENSG00000225744.1,AC017002.1,2,111607841,111612518,3.0,3.0,3.0,0.5849625007211562
ENSG00000199460.2,RNU6-1216P,2,69182877,69182983,3.0,3.0,3.0,0.5849625007211562
ENSG00000115762.16,PLEKHB2,2,131104847,131353709,3.0,3.0,3.0,0.5849625007211562
ENSG00000162882.15,HAAO,2,42767089,42792593,3.0,3.0,3.0,0.5849625007211562
ENSG00000231134.1,TCF7L1-IT1,2,85186409,85187253,3.0,3.0,3.0,0.5849625007211562
ENSG00000242282.6,AC108488.1,2,3531813,3536873,3.0,3.0,3.0,0.5849625007211562
ENSG00000277938.1,AL035252.3,20,25229150,25231933,2.0,2.0,2.0,0.0
ENSG00000225336.2,HMGB3P1,20,34833575,34834462,4.0,4.0,4.0,1.0
ENSG00000278719.1,MCM8-AS1,20,5990943,6005821,4.0,4.0,4.0,1.0
ENSG00000130699.18,TAF4,20,61953469,62065810,5.0,5.0,5.0,1.3219280948873624
ENSG00000124203.6,ZNF831,20,59123381,59259113,5.0,5.0,5.0,1.3219280948873624
ENSG00000232121.1,AL450469.2,20,62633681,62635504,5.0,5.0,5.0,1.3219280948873624
ENSG00000271774.1,AL109930.1,20,53255979,53487274,4.0,4.0,4.0,1.0
ENSG00000288000.1,AL031681.2,20,43458054,43541881,5.0,5.0,5.0,1.3219280948873624
ENSG00000234832.1,NXT1-AS1,20,23346941,23351486,2.0,2.0,2.0,0.0
ENSG00000285100.1,AL359555.2,20,38270778,38274020,4.0,4.0,4.0,1.0
ENSG00000229771.2,AL035665.1,20,40696499,40698616,5.0,5.0,5.0,1.3219280948873624
ENSG00000101230.6,ISM1,20,13221274,13300651,4.0,4.0,4.0,1.0
ENSG00000101197.13,BIRC7,20,63235883,63240495,5.0,5.0,5.0,1.3219280948873624
ENSG00000101074.5,R3HDML,20,44337043,44351238,5.0,5.0,5.0,1.3219280948873624
ENSG00000178591.7,DEFB125,20,87250,97094,4.0,4.0,4.0,1.0
ENSG00000125872.8,LRRN4,20,6040546,6054060,4.0,4.0,4.0,1.0
ENSG00000101004.15,NINL,20,25452697,25585531,2.0,2.0,2.0,0.0
ENSG00000244462.8,RBM12,20,35648925,35664956,4.0,4.0,4.0,1.0
ENSG00000130702.15,LAMA5,20,62307955,62367312,5.0,5.0,5.0,1.3219280948873624
ENSG00000125966.10,MMP24,20,35226690,35276998,4.0,4.0,4.0,1.0
ENSG00000124232.11,RBPJL,20,45306840,45317824,5.0,5.0,5.0,1.3219280948873624
ENSG00000228159.2,LINC01674,21,13516107,13574999,3.0,3.0,3.0,0.5849625007211562
ENSG00000234083.1,AJ006995.1,21,27954922,27985295,3.0,3.0,3.0,0.5849625007211562
ENSG00000273210.1,AP001437.1,21,37365477,37365932,3.0,3.0,3.0,0.5849625007211562
ENSG00000228961.1,LINC01690,21,32958888,32960566,3.0,3.0,3.0,0.5849625007211562
ENSG00000160202.7,CRYAA,21,43169008,43172805,3.0,3.0,3.0,0.5849625007211562
ENSG00000287082.1,AP001042.3,21,38857539,38858861,3.0,3.0,3.0,0.5849625007211562
ENSG00000160224.17,AIRE,21,44285838,44298648,3.0,3.0,3.0,0.5849625007211562
ENSG00000278158.1,AP001059.2,21,44241847,44242081,3.0,3.0,3.0,0.5849625007211562
ENSG00000275874.1,PICSAR,21,44999208,45004727,3.0,3.0,3.0,0.5849625007211562
ENSG00000224388.1,BACE2-IT1,21,41180097,41180626,3.0,3.0,3.0,0.5849625007211562
ENSG00000228930.1,MTCO1P3,21,45376191,45376382,3.0,3.0,3.0,0.5849625007211562
ENSG00000233213.1,KCNJ6-AS1,21,37717102,37719569,3.0,3.0,3.0,0.5849625007211562
ENSG00000186924.3,KRTAP22-1,21,30601087,30601382,3.0,3.0,3.0,0.5849625007211562
ENSG00000280604.1,AJ239328.1,21,45914296,45919483,3.0,3.0,3.0,0.5849625007211562
ENSG00000160298.18,C21orf58,21,46300181,46323875,3.0,3.0,3.0,0.5849625007211562
ENSG00000226996.5,AP000477.1,21,24043257,24050286,3.0,3.0,3.0,0.5849625007211562
ENSG00000199962.1,Y_RNA,21,17576798,17576906,3.0,3.0,3.0,0.5849625007211562
ENSG00000224860.1,GXYLT1P2,21,13824406,13825635,3.0,3.0,3.0,0.5849625007211562
ENSG00000160221.18,GATD3A,21,44133610,44210114,3.0,3.0,3.0,0.5849625007211562
ENSG00000223870.1,AP000233.1,21,25127469,25135247,3.0,3.0,3.0,0.5849625007211562
ENSG00000223431.1,MTND6P21,21,44472895,44473739,3.0,3.0,3.0,0.5849625007211562
ENSG00000225465.9,RFPL1S,22,29436534,29478868,1.0,1.0,1.0,-1.0
ENSG00000227710.1,AC245517.2,22,22168289,22168634,4.0,4.0,4.0,1.0
ENSG00000252603.1,RNU6ATAC22P,22,41722043,41722131,8.0,8.0,8.0,2.0
ENSG00000280356.1,AL021877.2,22,34641179,34651862,1.0,1.0,1.0,-1.0
ENSG00000239511.2,POM121L7P,22,21125660,21128063,4.0,4.0,4.0,1.0
ENSG00000232603.1,AC245291.3,22,22370829,22371120,11.0,11.0,11.0,2.4594316186372973
ENSG00000172912.4,COX6B1P3,22,40569286,40569895,6.0,6.0,6.0,1.584962500721156
ENSG00000184624.4,ZNF72P,22,15326037,15343065,4.0,4.0,4.0,1.0
ENSG00000253234.1,IGLV2-5,22,22856762,22857038,11.0,11.0,11.0,2.4594316186372973
ENSG00000264141.1,MIR3928,22,31160062,31160119,1.0,1.0,1.0,-1.0
ENSG00000183864.5,TOB2,22,41433494,41446801,8.0,8.0,8.0,2.0
ENSG00000100399.16,CHADL,22,41229510,41240931,8.0,8.0,8.0,2.0
ENSG00000214076.3,CPSF1P1,22,32269381,32273110,1.0,1.0,1.0,-1.0
ENSG00000232515.1,AC245060.1,22,22347807,22348164,11.0,11.0,11.0,2.4594316186372973
ENSG00000040608.14,RTN4R,22,20241415,20283246,4.0,4.0,4.0,1.0
ENSG00000270393.1,AC000095.1,22,19018043,19018916,4.0,4.0,4.0,1.0
ENSG00000200448.1,Y_RNA,22,42762860,42762959,4.0,4.0,4.0,1.0
ENSG00000278008.1,PPP1R26P4,22,18715815,18719341,4.0,4.0,4.0,1.0
ENSG00000211639.2,IGLV4-60,22,22162199,22162681,4.0,4.0,4.0,1.0
ENSG00000275793.1,RIMBP3,22,18605815,18611919,4.0,4.0,4.0,1.0
ENSG00000100024.15,UPB1,22,24494107,24528390,4.0,4.0,4.0,1.0
ENSG00000235240.1,AC026185.1,3,11488300,11488473,4.0,4.0,4.0,1.0
ENSG00000138472.11,GUCA1C,3,108907792,108953879,4.0,4.0,4.0,1.0
ENSG00000237501.1,AC108667.1,3,172830981,172831229,4.0,4.0,4.0,1.0
ENSG00000058866.15,DGKG,3,186105668,186362234,4.0,4.0,4.0,1.0
ENSG00000224769.1,MUC20P1,3,195614947,195620233,4.0,4.0,4.0,1.0
ENSG00000163918.11,RFC4,3,186789880,186807058,4.0,4.0,4.0,1.0
ENSG00000274420.1,AC026318.1,3,47818005,47818128,4.0,4.0,4.0,1.0
ENSG00000287964.1,AC066580.1,3,11060973,11091548,4.0,4.0,4.0,1.0
ENSG00000214706.10,IFRD2,3,50287732,50292918,4.0,4.0,4.0,1.0
ENSG00000034533.12,ASTE1,3,131013875,131027649,4.0,4.0,4.0,1.0
ENSG00000237483.1,RPS27AP8,3,172225428,172225872,4.0,4.0,4.0,1.0
ENSG00000168314.17,MOBP,3,39467198,39529479,4.0,4.0,4.0,1.0
ENSG00000226017.2,PRICKLE2-AS3,3,64187544,64200965,4.0,4.0,4.0,1.0
ENSG00000251967.1,AC104304.1,3,46650510,46650590,4.0,4.0,4.0,1.0
ENSG00000016864.18,GLT8D1,3,52694488,52706032,4.0,4.0,4.0,1.0
ENSG00000288585.1,AC010184.1,3,141449745,141456434,4.0,4.0,4.0,1.0
ENSG00000179799.9,OR7E22P,3,75356437,75362268,4.0,4.0,4.0,1.0
ENSG00000243296.1,AC078828.1,3,99500347,99505508,4.0,4.0,4.0,1.0
ENSG00000277241.1,AC026355.4,3,177700346,177701072,4.0,4.0,4.0,1.0
ENSG00000164049.14,FBXW12,3,48372219,48401259,4.0,4.0,4.0,1.0
ENSG00000249505.1,AC108673.1,3,129045763,129046921,4.0,4.0,4.0,1.0
ENSG00000251526.1,LINC02435,4,123505279,123527525,4.0,4.0,4.0,1.0
ENSG00000249727.2,AC097494.1,4,54836041,54845470,4.0,4.0,4.0,1.0
ENSG00000138735.16,PDE5A,4,119494397,119628804,4.0,4.0,4.0,1.0
ENSG00000248488.2,PGAM4P2,4,115764099,115764819,4.0,4.0,4.0,1.0
ENSG00000202440.1,SNORD42,4,82402638,82402706,4.0,4.0,4.0,1.0
ENSG00000171557.17,FGG,4,154604134,154612967,4.0,4.0,4.0,1.0
ENSG00000228981.3,AC097658.1,4,143349275,143350117,4.0,4.0,4.0,1.0
ENSG00000249022.2,AC093599.1,4,153034211,153091563,4.0,4.0,4.0,1.0
ENSG00000225846.4,AC112719.1,4,76036750,76037064,4.0,4.0,4.0,1.0
ENSG00000164107.9,HAND2,4,173524969,173530229,4.0,4.0,4.0,1.0
ENSG00000251598.2,AC093916.1,4,131978485,132345621,4.0,4.0,4.0,1.0
ENSG00000229924.3,FAM90A26,4,9170409,9176730,4.0,4.0,4.0,1.0
ENSG00000236296.8,GUSBP5,4,143559472,143561460,4.0,4.0,4.0,1.0
ENSG00000270480.1,AC073413.1,4,82691737,82692468,4.0,4.0,4.0,1.0
ENSG00000231707.4,PABPC1P1,4,39973444,39974338,4.0,4.0,4.0,1.0
ENSG00000178458.5,H3P16,4,139698144,139698554,4.0,4.0,4.0,1.0
ENSG00000249004.1,PRMT5P1,4,147458724,147459321,4.0,4.0,4.0,1.0
ENSG00000245112.2,SMARCA5-AS1,4,143513472,143514635,4.0,4.0,4.0,1.0
ENSG00000283183.2,AC116565.1,4,577168,618076,4.0,4.0,4.0,1.0
ENSG00000242431.2,AC107398.1,4,47490967,47491471,4.0,4.0,4.0,1.0
ENSG00000170846.17,AC093323.1,4,6663396,6676755,4.0,4.0,4.0,1.0
ENSG00000081818.4,PCDHB4,5,141121818,141125623,3.0,3.0,3.0,0.5849625007211562
ENSG00000222626.1,RNU2-48P,5,157976766,157976956,2.0,2.0,2.0,0.0
ENSG00000178172.7,SPINK6,5,148202794,148215137,2.0,2.0,2.0,0.0
ENSG00000184584.13,STING1,5,139475533,139482935,3.0,3.0,3.0,0.5849625007211562
ENSG00000164309.15,CMYA5,5,79689836,79800240,3.0,3.0,3.0,0.5849625007211562
ENSG00000248160.1,AC233724.1,5,17647712,17647944,1.0,1.0,1.0,-1.0
ENSG00000249830.1,LINC02162,5,3452816,3461660,3.0,3.0,3.0,0.5849625007211562
ENSG00000249669.10,CARMN,5,149406689,149432835,2.0,2.0,2.0,0.0
ENSG00000278958.1,AC091931.1,5,104434772,104435499,3.0,3.0,3.0,0.5849625007211562
ENSG00000248383.5,PCDHAC1,5,140926299,141012347,3.0,3.0,3.0,0.5849625007211562
ENSG00000145936.9,KCNMB1,5,170374671,170389634,3.0,3.0,3.0,0.5849625007211562
ENSG00000205572.10,SERF1B,5,70025247,70043113,3.0,3.0,3.0,0.5849625007211562
ENSG00000171530.15,TBCA,5,77691166,77868780,3.0,3.0,3.0,0.5849625007211562
ENSG00000176788.9,BASP1,5,17065598,17276843,3.0,3.0,3.0,0.5849625007211562
ENSG00000251887.2,RNU6-760P,5,31832439,31832535,1.0,1.0,1.0,-1.0
ENSG00000113441.16,LNPEP,5,96935394,97037513,3.0,3.0,3.0,0.5849625007211562
ENSG00000221552.1,MIR1303,5,154685776,154685861,2.0,2.0,2.0,0.0
ENSG00000222448.1,RN7SKP150,5,179845832,179846152,3.0,3.0,3.0,0.5849625007211562
ENSG00000248199.2,AC008877.1,5,61878109,61927134,1.0,1.0,1.0,-1.0
ENSG00000281560.1,LSINCT5,5,2712591,2715237,1.0,1.0,1.0,-1.0
ENSG00000113088.6,GZMK,5,55024256,55034570,1.0,1.0,1.0,-1.0
ENSG00000276680.1,AL109755.2,6,144007227,144007464,2.0,2.0,2.0,0.0
ENSG00000234155.1,LINC02535,6,85387219,85390186,4.0,4.0,4.0,1.0
ENSG00000227660.1,UST-AS1,6,148955628,148964684,2.0,2.0,2.0,0.0
ENSG00000260212.1,AL356432.3,6,127659424,127660338,2.0,2.0,2.0,0.0
ENSG00000275138.1,AL357080.1,6,141019788,141020026,2.0,2.0,2.0,0.0
ENSG00000224532.2,AL136361.1,6,6758276,6759291,4.0,4.0,4.0,1.0
ENSG00000217169.2,MTHFD2P2,6,87000045,87000291,4.0,4.0,4.0,1.0
ENSG00000112297.18,CRYBG1,6,106360717,106572017,4.0,4.0,4.0,1.0
ENSG00000172738.12,TMEM217,6,37212178,37258155,4.0,4.0,4.0,1.0
ENSG00000069122.19,ADGRF5,6,46852522,46954943,4.0,4.0,4.0,1.0
ENSG00000219902.1,RPL35P3,6,105302453,105302823,4.0,4.0,4.0,1.0
ENSG00000263667.3,AL035696.3,6,181466,205519,4.0,4.0,4.0,1.0
ENSG00000286105.1,AL353579.1,6,37212181,37257637,4.0,4.0,4.0,1.0
ENSG00000217566.2,TDGF1P4,6,3941282,3941801,4.0,4.0,4.0,1.0
ENSG00000112320.12,SOBP,6,107490106,107661306,4.0,4.0,4.0,1.0
ENSG00000229931.1,ATXN1-AS1,6,16761138,16762652,4.0,4.0,4.0,1.0
ENSG00000093134.15,VNN3,6,132722787,132736935,2.0,2.0,2.0,0.0
ENSG00000272009.1,AL121944.1,6,28078792,28081130,4.0,4.0,4.0,1.0
ENSG00000220347.1,H3P28,6,156662050,156662437,2.0,2.0,2.0,0.0
ENSG00000204385.13,SLC44A4,6,31863192,31879046,4.0,4.0,4.0,1.0
ENSG00000220514.1,MTND4LP20,6,153668589,153668858,2.0,2.0,2.0,0.0
ENSG00000213798.3,AC004129.1,7,25212170,25212965,4.0,4.0,4.0,1.0
ENSG00000164669.13,INTS4P1,7,65141032,65234216,4.0,4.0,4.0,1.0
ENSG00000221933.3,OR2A25,7,144069811,144075870,4.0,4.0,4.0,1.0
ENSG00000242950.7,ERVW-1,7,92468380,92477986,4.0,4.0,4.0,1.0
ENSG00000106588.12,PSMA2,7,42916828,42932185,4.0,4.0,4.0,1.0
ENSG00000229054.1,RPS29P14,7,33036212,33036382,4.0,4.0,4.0,1.0
ENSG00000226063.1,AC009531.1,7,35258381,35259729,4.0,4.0,4.0,1.0
ENSG00000274500.1,AC007938.4,7,130489868,130489966,4.0,4.0,4.0,1.0
ENSG00000273014.1,AC018645.3,7,32758882,32759353,4.0,4.0,4.0,1.0
ENSG00000241911.1,TRBVB,7,142711384,142711924,4.0,4.0,4.0,1.0
ENSG00000128563.13,PRKRIP1,7,102363872,102426676,4.0,4.0,4.0,1.0
ENSG00000241357.1,AC092849.1,7,100435257,100436510,4.0,4.0,4.0,1.0
ENSG00000196937.11,FAM3C,7,121348878,121396364,4.0,4.0,4.0,1.0
ENSG00000214102.7,WEE2,7,141708353,141731271,4.0,4.0,4.0,1.0
ENSG00000222386.1,RN7SKP86,7,103484208,103484539,4.0,4.0,4.0,1.0
ENSG00000227573.2,AC004986.1,7,122849746,122850352,4.0,4.0,4.0,1.0
ENSG00000279005.1,AC211433.3,7,74633510,74633884,4.0,4.0,4.0,1.0
ENSG00000280920.1,AC092848.1,7,54201224,54202421,4.0,4.0,4.0,1.0
ENSG00000270957.1,AC092175.1,7,57485166,57485895,4.0,4.0,4.0,1.0
ENSG00000222741.1,RNA5SP229,7,33177740,33177838,4.0,4.0,4.0,1.0
ENSG00000105821.15,DNAJC2,7,103312289,103344830,4.0,4.0,4.0,1.0
ENSG00000255211.1,AC130365.1,8,7967344,7968544,4.0,4.0,4.0,1.0
ENSG00000280997.1,CCAT2,8,127400399,127402150,4.0,4.0,4.0,1.0
ENSG00000279949.1,AC022784.6,8,9158063,9158621,4.0,4.0,4.0,1.0
ENSG00000214268.2,RPS3AP33,8,7190901,7191563,4.0,4.0,4.0,1.0
ENSG00000253773.3,C8orf37-AS1,8,95204456,95811254,4.0,4.0,4.0,1.0
ENSG00000036448.10,MYOM2,8,2045046,2165552,4.0,4.0,4.0,1.0
ENSG00000253161.5,LINC01605,8,37421341,37554183,4.0,4.0,4.0,1.0
ENSG00000147421.18,HMBOX1,8,28890395,29064764,4.0,4.0,4.0,1.0
ENSG00000254491.1,AC022832.1,8,13583889,13584533,4.0,4.0,4.0,1.0
ENSG00000253314.7,LINC00293,8,46822174,46907309,4.0,4.0,4.0,1.0
ENSG00000252158.1,SNORA72,8,131432776,131432869,4.0,4.0,4.0,1.0
ENSG00000253837.1,AC090197.1,8,23336171,23366125,4.0,4.0,4.0,1.0
ENSG00000253391.1,AC100870.1,8,79520145,79520649,4.0,4.0,4.0,1.0
ENSG00000066855.16,MTFR1,8,65644734,65771261,4.0,4.0,4.0,1.0
ENSG00000179577.3,AP003471.1,8,104419512,104421500,4.0,4.0,4.0,1.0
ENSG00000168546.11,GFRA2,8,21690398,21812357,4.0,4.0,4.0,1.0
ENSG00000253135.1,AC103724.2,8,42128774,42129249,4.0,4.0,4.0,1.0
ENSG00000248578.1,NPM1P21,8,56101199,56102267,4.0,4.0,4.0,1.0
ENSG00000253111.2,AC091114.1,8,125466939,125541373,4.0,4.0,4.0,1.0
ENSG00000258724.1,AC105001.2,8,10725399,10839847,4.0,4.0,4.0,1.0
ENSG00000164823.11,OSGIN2,8,89901849,89927888,4.0,4.0,4.0,1.0
ENSG00000204982.3,PRSS3P4,9,33613848,33614009,2.0,2.0,2.0,0.0
ENSG00000225411.3,CR786580.1,9,63802144,63814159,2.0,2.0,2.0,0.0
ENSG00000243845.3,RN7SL30P,9,125512902,125513207,2.0,2.0,2.0,0.0
ENSG00000231018.1,EIF4A1P3,9,131782570,131782813,2.0,2.0,2.0,0.0
ENSG00000188152.13,NUTM2G,9,96928310,96940253,2.0,2.0,2.0,0.0
ENSG00000270691.1,AL161912.3,9,79850871,79851498,2.0,2.0,2.0,0.0
ENSG00000171843.17,MLLT3,9,20341669,20622499,2.0,2.0,2.0,0.0
ENSG00000224083.1,MTCO1P11,9,5096666,5098193,2.0,2.0,2.0,0.0
ENSG00000168913.7,ENHO,9,34521043,34522990,2.0,2.0,2.0,0.0
ENSG00000136881.12,BAAT,9,101354182,101385400,2.0,2.0,2.0,0.0
ENSG00000252960.1,RN7SKP258,9,18651147,18651450,2.0,2.0,2.0,0.0
ENSG00000156755.10,IGKV1OR-2,9,64765054,64765535,2.0,2.0,2.0,0.0
ENSG00000107175.12,CREB3,9,35732598,35736999,2.0,2.0,2.0,0.0
ENSG00000236115.1,AL136097.2,9,92205356,92210158,2.0,2.0,2.0,0.0
ENSG00000212521.1,RNU6-918P,9,98032230,98032335,2.0,2.0,2.0,0.0
ENSG00000240306.2,RN7SL100P,9,26895678,26895970,2.0,2.0,2.0,0.0
ENSG00000286834.1,AL360020.1,9,94116023,94145693,2.0,2.0,2.0,0.0
ENSG00000204429.4,AL451142.1,9,88180673,88181447,2.0,2.0,2.0,0.0
ENSG00000199525.1,RNA5SP295,9,112252258,112252378,2.0,2.0,2.0,0.0
ENSG00000234451.1,BX005266.3,9,62609725,62610799,2.0,2.0,2.0,0.0
ENSG00000234373.1,SNX18P7,9,33576380,33577014,2.0,2.0,2.0,0.0
ENSG00000226107.1,AC004383.1,X,134522702,134522990,2.0,2.0,2.0,0.0
ENSG00000237863.3,AL035425.1,X,108736011,108739223,2.0,2.0,2.0,0.0
ENSG00000185985.11,SLITRK2,X,145817829,145829856,2.0,2.0,2.0,0.0
ENSG00000147234.10,FRMPD3,X,107522450,107605251,2.0,2.0,2.0,0.0
ENSG00000196632.10,WNK3,X,54192823,54358642,2.0,2.0,2.0,0.0
ENSG00000170925.3,TEX13B,X,107980864,107982370,2.0,2.0,2.0,0.0
ENSG00000232801.1,SDCBPP3,X,40890647,40891537,2.0,2.0,2.0,0.0
ENSG00000169906.5,S100G,X,16650158,16654670,2.0,2.0,2.0,0.0
ENSG00000236982.1,BLOC1S2P1,X,64726748,64727048,2.0,2.0,2.0,0.0
ENSG00000274791.1,F8A2,X,155382115,155383230,2.0,2.0,2.0,0.0
ENSG00000236080.2,YAP1P2,X,115069237,115069846,2.0,2.0,2.0,0.0
ENSG00000102007.11,PLP2,X,49171898,49175235,2.0,2.0,2.0,0.0
ENSG00000281371.1,INE2,X,15785716,15787589,2.0,2.0,2.0,0.0
ENSG00000252441.1,AL589842.1,X,115545637,115545717,2.0,2.0,2.0,0.0
ENSG00000101938.15,CHRDL1,X,110673856,110795819,2.0,2.0,2.0,0.0
ENSG00000232186.1,TERF1P7,X,75326772,75327999,2.0,2.0,2.0,0.0
ENSG00000102053.12,ZC3H12B,X,65366638,65507887,2.0,2.0,2.0,0.0
ENSG00000201912.1,RN7SKP189,X,145057108,145057437,2.0,2.0,2.0,0.0
ENSG00000242065.3,RN7SL291P,X,44772773,44773061,2.0,2.0,2.0,0.0
ENSG00000227008.2,AL009174.1,X,133670971,133671386,2.0,2.0,2.0,0.0
ENSG00000170935.8,NCBP2L,X,107774899,107795829,2.0,2.0,2.0,0.0
